Nom,Time
2024 Honda Transalp Review – First Ride,"


  Nov 03, 2023
           "
2024 Honda Motocompacto Review – First Ride,"


  Nov 01, 2023
           "
2023 Honda SCL500 Review – First Ride,"


  Aug 28, 2023
           "
2023 Honda XR150L Review – First Ride,"


  Jul 05, 2023
           "
"2023 Honda XR150L, CRF300LS and Navi Announced for US","


  Mar 03, 2023
           "
2023 Honda XR150L Announced for Canada,"


  Feb 20, 2023
           "
Church of MO: 2003 Honda ST1300,"


  Jan 29, 2023
           "
American Honda to Introduce XR150L and CRF300LS for 2023,"


  Jan 19, 2023
           "
Church of MO: Honda Pacific Coast 800 First Impression,"


  Jan 01, 2023
           "
Honda Reveals First Look of Electric Motorcycle – With a Parade Float,"


  Dec 08, 2022
           "
2023 Honda EM1 E: Electric Scooter First Look,"


  Nov 08, 2022
           "
2023 Honda CL500 First Look,"


  Nov 08, 2022
           "
2023 Honda XL750 Transalp First Look,"


  Nov 08, 2022
           "
2023 Honda Rebel 1100T First Look,"


  Nov 07, 2022
           "
Honda Rebel 1100 Touring Variants Confirmed for 2023,"


  Oct 05, 2022
           "
2023 Honda CB750 Hornet - First Look,"


  Oct 04, 2022
           "
2023 Honda Hornet CB750 Details Emerge in Vehicle Certifications,"


  Sep 23, 2022
           "
Honda Announces Electric Motorcycle Plans,"


  Sep 13, 2022
           "
2023 Honda Hornet Engine Details Confirmed,"


  Sep 09, 2022
           "
Rumor Check: Honda's Mini-Africa Twin Will Be The XL750 Transalp,"


  Aug 23, 2022
           "
Honda Reminds Us It's Working On A New Hornet,"


  Jun 06, 2022
           "
Church of MO: 2002 Honda 919 First Ride,"


  May 22, 2022
           "
Design Filings May Offer Clues to the Honda NX500,"


  May 10, 2022
           "
Honda Trademarks Hint at New Scrambler and Dual Sport 500 Models,"


  May 06, 2022
           "
